City_ID,City,Lat,Lng,Max Temp,Humidity,Cloudiness,Wind Speed,Country,Date
0,Prestea,5.4327,-2.1428,67.8,86,18,1.48,GH,2022-07-21 02:26:27
1,Punta Arenas,-53.15,-70.9167,32.11,80,20,17.27,CL,2022-07-21 02:26:28
2,Ushuaia,-54.8,-68.3,29.86,80,75,21.85,AR,2022-07-21 02:21:32
3,Lebu,-37.6167,-73.65,51.26,95,100,7.27,CL,2022-07-21 02:21:38
4,Tuktoyaktuk,69.4541,-133.0374,50.0,93,75,9.22,CA,2022-07-21 02:26:29
5,Albany,42.6001,-73.9662,84.85,68,20,4.45,US,2022-07-21 02:24:38
6,Lasa,46.6166,10.7002,65.35,88,15,1.99,IT,2022-07-21 02:26:29
7,Hilo,19.7297,-155.09,82.27,73,40,9.22,US,2022-07-21 02:26:30
8,Karpogory,64.0019,44.4451,62.38,80,0,0.67,RU,2022-07-21 02:26:30
9,Rikitea,-23.1203,-134.9692,73.42,77,0,6.76,PF,2022-07-21 02:26:31
10,Muisne,0.6,-80.0333,73.74,85,100,7.38,EC,2022-07-21 02:26:31
11,Qaanaaq,77.484,-69.3632,39.94,83,100,5.08,GL,2022-07-21 02:21:49
12,Pangody,65.85,74.4859,50.95,72,100,10.36,RU,2022-07-21 02:26:31
13,Liverpool,53.4106,-2.9779,61.61,80,75,12.66,GB,2022-07-21 02:24:09
14,Inhambane,-23.865,35.3833,66.9,86,0,5.26,MZ,2022-07-21 02:26:32
15,Arinos,-15.9169,-46.1056,64.62,50,0,1.01,BR,2022-07-21 02:26:33
16,Tiksi,71.6872,128.8694,41.41,81,18,22.15,RU,2022-07-21 02:26:33
17,Seriate,45.6834,9.7229,81.7,51,0,6.91,IT,2022-07-21 02:26:33
18,Faanui,-16.4833,-151.75,78.1,71,5,11.36,PF,2022-07-21 02:26:34
19,Bethel,41.3712,-73.414,82.36,76,0,5.03,US,2022-07-21 02:23:03
20,Busselton,-33.65,115.3333,59.56,77,59,15.86,AU,2022-07-21 02:26:35
21,Mataura,-46.1927,168.8643,46.47,78,100,4.27,NZ,2022-07-21 02:26:35
22,Kodiak,57.79,-152.4072,60.31,63,20,10.36,US,2022-07-21 02:26:35
23,Palora,-1.7,-77.9333,63.48,94,100,2.84,EC,2022-07-21 02:26:36
24,Butaritari,3.0707,172.7902,81.18,78,98,9.04,KI,2022-07-21 02:26:36
25,Ballina,-28.8667,153.5667,62.02,82,100,18.54,AU,2022-07-21 02:26:37
26,Hobart,-42.8794,147.3294,50.25,73,20,8.05,AU,2022-07-21 02:22:24
27,Narrabri,-30.3167,149.7833,63.52,55,99,5.01,AU,2022-07-21 02:26:37
28,Chokurdakh,70.6333,147.9167,56.25,37,62,7.96,RU,2022-07-21 02:24:15
29,Avarua,-21.2078,-159.775,73.45,68,100,13.8,CK,2022-07-21 02:22:57
30,Chapais,49.7834,-74.8492,65.98,84,100,6.96,CA,2022-07-21 02:26:38
31,Luebo,-5.35,21.4167,72.14,56,14,0.67,CD,2022-07-21 02:26:39
32,Pevek,69.7008,170.3133,31.98,89,100,16.84,RU,2022-07-21 02:25:36
33,Bonthe,7.5264,-12.505,74.44,90,100,10.58,SL,2022-07-21 02:26:39
34,Darnah,32.767,22.6367,76.01,65,0,22.7,LY,2022-07-21 02:26:40
35,Padang,-0.9492,100.3543,82.45,70,48,1.1,ID,2022-07-21 02:26:40
36,Bluff,-46.6,168.3333,46.8,69,100,7.7,NZ,2022-07-21 02:26:40
37,Saint-Francois,46.4154,3.9054,58.44,94,0,0.0,FR,2022-07-21 02:26:41
38,Touros,-5.1989,-35.4608,73.06,92,100,8.68,BR,2022-07-21 02:26:41
39,Ribeira Grande,38.5167,-28.7,72.63,85,8,2.01,PT,2022-07-21 02:26:42
40,Vigrestad,58.5667,5.7,56.88,89,93,20.18,NO,2022-07-21 02:26:42
41,Imeni Morozova,59.9757,31.0376,61.92,1,8,11.83,RU,2022-07-21 02:26:42
42,Yellowknife,62.456,-114.3525,66.72,45,75,8.05,CA,2022-07-21 02:26:43
43,Port Alfred,-33.5906,26.891,56.17,97,99,3.0,ZA,2022-07-21 02:26:44
44,Saint-Philippe,-21.3585,55.7679,67.59,79,47,14.63,RE,2022-07-21 02:26:44
45,Carnarvon,-24.8667,113.6333,69.87,94,100,10.36,AU,2022-07-21 02:26:44
46,Otradnoye,59.7775,30.8181,61.95,86,8,7.02,RU,2022-07-21 02:26:45
47,Atuona,-9.8,-139.0333,77.63,75,48,14.16,PF,2022-07-21 02:27:45
48,Cape Town,-33.9258,18.4232,55.38,78,0,5.75,ZA,2022-07-21 02:23:53
49,Mayo,38.8876,-76.5119,85.17,84,0,8.05,US,2022-07-21 02:27:46
50,Baruun-Urt,46.6806,113.2792,78.67,42,0,9.19,MN,2022-07-21 02:27:46
51,Saryozek,44.3583,77.9753,77.54,19,0,4.16,KZ,2022-07-21 02:27:47
52,Kapaa,22.0752,-159.319,85.98,71,40,17.27,US,2022-07-21 02:27:47
53,Manuk Mangkaw,4.8,119.85,82.96,72,28,2.28,PH,2022-07-21 02:27:48
54,Hermosillo,29.0667,-110.9667,100.31,34,75,11.5,MX,2022-07-21 02:27:48
55,Nizhniy Baskunchak,48.2198,46.8311,68.31,59,0,9.17,RU,2022-07-21 02:27:48
56,Upernavik,72.7868,-56.1549,48.16,70,100,8.12,GL,2022-07-21 02:27:49
57,Jamestown,42.097,-79.2353,81.99,61,100,6.91,US,2022-07-21 02:27:49
58,Port Elizabeth,-33.918,25.5701,54.32,92,40,8.05,ZA,2022-07-21 02:27:50
59,Bellview,30.4616,-87.315,85.82,83,20,13.8,US,2022-07-21 02:23:57
60,Nikolskoye,59.7035,30.7861,61.79,86,8,6.73,RU,2022-07-21 02:25:02
61,Nome,64.5011,-165.4064,48.27,87,100,12.66,US,2022-07-21 02:27:50
62,Vaini,-21.2,-175.2,80.76,78,20,8.05,TO,2022-07-21 02:27:51
63,Hermanus,-34.4187,19.2345,49.23,78,0,5.26,ZA,2022-07-21 02:27:51
64,Shirokiy,49.758,129.523,72.43,71,44,8.46,RU,2022-07-21 02:27:52
65,Puerto Ayora,-0.7393,-90.3518,66.54,99,55,7.0,EC,2022-07-21 02:27:52
66,Luderitz,-26.6481,15.1594,55.98,61,0,13.71,NA,2022-07-21 02:27:53
67,Denpasar,-8.65,115.2167,80.26,78,75,13.8,ID,2022-07-21 02:27:10
68,Kaitangata,-46.2817,169.8464,45.68,75,93,8.37,NZ,2022-07-21 02:27:54
69,Richards Bay,-28.783,32.0377,61.11,89,25,5.7,ZA,2022-07-21 02:27:55
70,Beringovskiy,63.05,179.3167,44.22,76,100,12.95,RU,2022-07-21 02:27:55
71,Khartoum,15.5518,32.5324,78.03,72,98,1.99,SD,2022-07-21 02:27:56
72,Lata,40.1629,-8.3327,59.67,86,0,2.46,PT,2022-07-21 02:27:52
73,Mirabela,-16.2628,-44.1644,64.67,60,0,7.18,BR,2022-07-21 02:27:56
74,Esperance,-33.8667,121.9,58.23,72,100,21.54,AU,2022-07-21 02:27:57
75,Gat,31.61,34.7642,75.88,100,0,3.13,IL,2022-07-21 02:27:57
76,New Norfolk,-42.7826,147.0587,49.91,57,0,1.74,AU,2022-07-21 02:27:58
77,Airai,-8.9266,125.4092,68.27,67,56,3.51,TL,2022-07-21 02:27:58
78,Vila Velha,-20.3297,-40.2925,70.95,84,0,5.75,BR,2022-07-21 02:27:58
79,Grindavik,63.8424,-22.4338,49.95,87,75,8.05,IS,2022-07-21 02:27:59
80,Diego De Almagro,-26.3667,-70.05,58.42,56,100,1.36,CL,2022-07-21 02:27:59
81,Panguna,-6.3164,155.4848,79.74,65,94,2.37,PG,2022-07-21 02:28:00
82,Bredasdorp,-34.5322,20.0403,43.7,90,0,5.46,ZA,2022-07-21 02:27:59
83,Pereslavl-Zalesskiy,56.7393,38.8563,54.82,99,100,2.66,RU,2022-07-21 02:28:00
84,Kloulklubed,7.0419,134.2556,84.7,73,87,1.61,PW,2022-07-21 02:28:01
85,Khatanga,71.9667,102.5,50.74,56,100,22.48,RU,2022-07-21 02:28:01
86,Faya,18.3851,42.4509,66.31,50,97,6.49,SA,2022-07-21 02:28:01
87,Iroquois Falls,48.7669,-80.6831,65.17,97,100,3.42,CA,2022-07-21 02:28:02
88,Leningradskiy,69.3833,178.4167,33.17,97,100,20.71,RU,2022-07-21 02:28:02
89,Palmer,42.1584,-72.3287,82.24,75,0,5.12,US,2022-07-21 02:27:58
90,Tasiilaq,65.6145,-37.6368,35.76,78,100,4.29,GL,2022-07-21 02:28:03
91,Eldorado,-23.7869,-54.2836,64.08,68,50,6.4,BR,2022-07-21 02:28:03
92,Dikson,73.5069,80.5464,38.66,92,100,31.41,RU,2022-07-21 02:28:04
93,Bar Harbor,44.3876,-68.2039,73.27,84,0,3.44,US,2022-07-21 02:28:04
94,East London,-33.0153,27.9116,60.01,87,29,9.42,ZA,2022-07-21 02:29:05
95,Mar Del Plata,-38.0023,-57.5575,56.08,68,0,16.11,AR,2022-07-21 02:29:05
96,Bathsheba,13.2167,-59.5167,81.21,94,20,14.97,BB,2022-07-21 02:29:05
97,Yar-Sale,66.8333,70.8333,54.37,59,95,14.41,RU,2022-07-21 02:29:06
98,Bambous Virieux,-20.3428,57.7575,68.25,77,75,21.85,MU,2022-07-21 02:29:06
99,Weihe,32.9952,105.3247,71.19,82,84,5.19,CN,2022-07-21 02:29:07
100,Suntar,62.1444,117.6319,59.16,86,100,5.06,RU,2022-07-21 02:29:07
101,Te Anau,-45.4167,167.7167,42.73,85,95,2.89,NZ,2022-07-21 02:29:07
102,Komsomolskiy,40.4272,71.7189,84.92,28,0,6.91,UZ,2022-07-21 02:29:08
103,Provideniya,64.3833,-173.3,46.51,71,75,15.99,RU,2022-07-21 02:29:08
104,Kenora,49.8167,-94.4337,76.17,50,20,9.22,CA,2022-07-21 02:29:09
105,Gornopravdinsk,60.05,69.9,61.48,86,83,4.43,RU,2022-07-21 02:29:09
106,Ambon,-3.6954,128.1814,77.14,94,40,4.61,ID,2022-07-21 02:29:09
107,De Panne,51.0792,2.5917,64.24,91,74,9.33,BE,2022-07-21 02:29:10
108,Kavieng,-2.5744,150.7967,82.9,76,97,11.56,PG,2022-07-21 02:24:23
109,Poya,-21.35,165.15,80.98,71,91,5.86,NC,2022-07-21 02:29:10
110,Ucluelet,48.9329,-125.5528,59.09,88,11,1.01,CA,2022-07-21 02:25:14
111,Maniitsoq,65.4167,-52.9,46.8,94,100,20.0,GL,2022-07-21 02:29:11
112,Lompoc,34.6391,-120.4579,71.85,77,0,12.66,US,2022-07-21 02:27:03
113,Sao Filipe,14.8961,-24.4956,75.52,90,63,3.83,CV,2022-07-21 02:29:12
114,Cabo San Lucas,22.8909,-109.9124,90.7,54,0,12.66,MX,2022-07-21 02:24:47
115,Tayu,-6.5397,111.0518,81.84,67,6,11.21,ID,2022-07-21 02:29:12
116,Junction City,39.0286,-96.8314,82.85,56,0,0.0,US,2022-07-21 02:29:13
117,Dauriya,49.9333,116.8667,77.14,55,18,4.88,RU,2022-07-21 02:29:13
118,Bilma,18.6853,12.9164,87.53,37,62,7.14,NE,2022-07-21 02:29:14
119,Bell Ville,-32.6259,-62.6887,57.07,80,25,4.99,AR,2022-07-21 02:29:14
120,Tromso,69.6496,18.957,59.38,82,100,8.05,NO,2022-07-21 02:29:14
121,Penapolis,-21.4197,-50.0775,72.14,47,61,6.15,BR,2022-07-21 02:29:15
122,Saint Anthony,45.0205,-93.218,83.35,54,0,10.36,US,2022-07-21 02:29:15
123,Waingapu,-9.6567,120.2641,81.99,56,91,9.55,ID,2022-07-21 02:29:16
124,Guozhen,34.3659,107.359,79.54,64,0,4.29,CN,2022-07-21 02:29:16
125,Berezovyy,51.6667,135.7,58.96,99,100,3.94,RU,2022-07-21 02:29:16
126,Shenzhen,22.5455,114.0683,91.35,99,12,7.87,CN,2022-07-21 02:29:17
127,Kuching,1.55,110.3333,82.62,89,40,3.0,MY,2022-07-21 02:26:51
128,Tatarsk,55.219,75.9828,63.91,86,100,5.68,RU,2022-07-21 02:29:17
129,Aloleng,16.1307,119.7824,86.7,70,100,6.6,PH,2022-07-21 02:29:18
130,Killybegs,54.6333,-8.45,53.58,88,91,5.5,IE,2022-07-21 02:29:18
131,Naze,28.3667,129.4833,86.92,78,77,17.94,JP,2022-07-21 02:29:19
132,Pundaguitan,6.3711,126.1689,82.62,73,4,3.2,PH,2022-07-21 02:29:19
133,Paragominas,-2.9667,-47.4833,72.55,73,88,3.6,BR,2022-07-21 02:26:47
134,Hualmay,-11.0964,-77.6139,61.79,83,55,9.73,PE,2022-07-21 02:29:19
135,Tecoanapa,16.5167,-98.75,81.84,82,96,4.34,MX,2022-07-21 02:29:20
136,Ekhabi,53.5102,142.9671,58.1,89,100,11.7,RU,2022-07-21 02:29:21
137,San Matias,-16.3667,-58.4,73.96,35,4,4.34,BO,2022-07-21 02:29:21
138,Traverse City,44.7631,-85.6206,73.51,78,20,12.95,US,2022-07-21 02:28:51
139,Eyemouth,55.8713,-2.0901,54.82,91,69,2.3,GB,2022-07-21 02:29:21
140,Dubti,11.7361,41.0853,82.15,51,100,12.06,ET,2022-07-21 02:29:22
141,Shimonoseki,33.95,130.95,91.4,62,75,16.11,JP,2022-07-21 02:30:22
142,Geraldton,-28.7667,114.6,63.01,94,100,3.44,AU,2022-07-21 02:30:23
143,Pasni,25.2631,63.471,82.72,83,100,14.97,PK,2022-07-21 02:30:23
144,Maldonado,-34.6667,-54.9167,60.22,95,60,8.41,UY,2022-07-21 02:30:24
145,Dingle,10.9995,122.6711,86.52,70,100,3.98,PH,2022-07-21 02:30:24
146,Okhotsk,59.3833,143.3,62.6,82,99,6.73,RU,2022-07-21 02:30:25
147,Dublyany,49.9041,24.0864,53.17,91,3,4.03,UA,2022-07-21 02:30:25
148,Aklavik,68.2191,-135.0107,62.94,50,100,9.48,CA,2022-07-21 02:30:25
149,Kimbe,-5.5502,150.1429,87.33,62,99,7.27,PG,2022-07-21 02:30:26
150,Kavaratti,10.5669,72.642,80.74,79,100,19.62,IN,2022-07-21 02:27:52
151,Vanavara,60.34,102.2797,68.23,54,51,7.52,RU,2022-07-21 02:30:27
152,Piranhas,-16.4269,-51.8222,67.86,38,7,4.47,BR,2022-07-21 02:30:28
153,Rivera,-30.9053,-55.5508,62.62,97,77,6.69,UY,2022-07-21 02:30:29
154,Noyabrsk,63.1994,75.4507,59.36,57,70,9.69,RU,2022-07-21 02:30:29
155,Ecoporanga,-18.3733,-40.8306,65.41,94,49,2.62,BR,2022-07-21 02:30:29
156,Tuatapere,-46.1333,167.6833,46.76,79,100,5.03,NZ,2022-07-21 02:30:30
157,Thanh Hoa,19.8,105.7667,83.98,79,100,7.4,VN,2022-07-21 02:30:30
158,Asyut,27.181,31.1837,78.98,40,0,10.83,EG,2022-07-21 02:30:31
159,Kahului,20.8947,-156.47,83.97,61,40,25.32,US,2022-07-21 02:29:44
160,Port Blair,11.6667,92.75,82.44,83,100,10.36,IN,2022-07-21 02:30:31
161,North Bay,46.3168,-79.4663,70.14,95,100,12.66,CA,2022-07-21 02:30:32
162,Saskylakh,71.9167,114.0833,56.89,49,38,19.1,RU,2022-07-21 02:30:32
163,Cidreira,-30.1811,-50.2056,61.14,95,3,13.87,BR,2022-07-21 02:30:32
164,Marsa Matruh,31.3525,27.2453,73.6,73,0,6.91,EG,2022-07-21 02:30:33
165,College,64.8569,-147.8028,69.58,50,75,11.5,US,2022-07-21 02:30:12
166,Codrington,-38.2667,141.9667,56.75,55,5,12.71,AU,2022-07-21 02:26:37
167,Rock Sound,24.9,-76.2,82.54,75,5,15.82,BS,2022-07-21 02:30:34
168,Kruisfontein,-34.0033,24.7314,47.88,93,8,7.27,ZA,2022-07-21 02:29:09
169,Haines Junction,60.7522,-137.5108,54.12,56,80,7.25,CA,2022-07-21 02:30:34
170,Constitucion,-35.3333,-72.4167,50.65,89,1,6.15,CL,2022-07-21 02:30:35
171,Kuandian,40.7286,124.7847,73.6,75,99,3.87,CN,2022-07-21 02:30:35
172,Buin,-33.7333,-70.75,55.74,71,0,3.91,CL,2022-07-21 02:30:15
173,Saquena,-4.6667,-73.5167,74.25,89,98,2.77,PE,2022-07-21 02:30:36
174,Arrifes,37.7667,-25.7,68.25,88,75,3.44,PT,2022-07-21 02:30:36
175,Barrow,71.2906,-156.7887,50.02,71,0,14.97,US,2022-07-21 02:30:36
176,Omboue,-1.5746,9.2618,71.37,89,100,6.38,GA,2022-07-21 02:30:37
177,Arraial Do Cabo,-22.9661,-42.0278,70.2,83,30,10.94,BR,2022-07-21 02:30:37
178,Mount Gambier,-37.8333,140.7667,58.19,52,5,8.03,AU,2022-07-21 02:30:38
179,Shatsk,54.0258,41.7119,55.09,94,99,0.47,RU,2022-07-21 02:30:38
180,Akureyri,65.6835,-18.0878,48.13,87,75,1.14,IS,2022-07-21 02:30:39
181,Port Lincoln,-34.7333,135.8667,55.76,65,1,16.13,AU,2022-07-21 02:26:47
182,Opuwo,-18.0607,13.84,54.88,36,0,5.66,NA,2022-07-21 02:26:17
183,Cerro Cama,9.03,-79.905,75.22,96,100,2.15,PA,2022-07-21 02:26:07
184,Jizan,17.3333,42.6667,90.54,74,98,5.39,SA,2022-07-21 02:30:40
185,Ilo,-17.6394,-71.3375,58.48,86,84,3.98,PE,2022-07-21 02:30:40
186,Fortuna,40.5982,-124.1573,57.65,84,7,5.57,US,2022-07-21 02:30:41
187,Kabanjahe,3.1001,98.4908,75.29,55,100,2.77,ID,2022-07-21 02:30:41
188,Lensk,60.7253,114.9278,62.33,95,100,3.24,RU,2022-07-21 02:31:41
189,Amapa,1.0,-52.0,70.68,99,26,1.59,BR,2022-07-21 02:31:42
190,Hambantota,6.1241,81.1185,80.94,89,20,5.75,LK,2022-07-21 02:31:42
191,Harper,4.375,-7.7169,74.21,72,100,8.88,LR,2022-07-21 02:31:43
192,Coari,-4.085,-63.1414,75.0,84,65,2.55,BR,2022-07-21 02:31:43
193,Urucui,-7.2294,-44.5561,74.17,38,0,8.84,BR,2022-07-21 02:31:44
194,Juneau,58.3019,-134.4197,53.22,95,100,13.8,US,2022-07-21 02:31:44
195,Namibe,-15.1961,12.1522,63.79,70,0,6.76,AO,2022-07-21 02:31:45
196,Vaitape,-16.5167,-151.75,77.88,72,8,13.38,PF,2022-07-21 02:31:45
197,Mbandaka,0.0487,18.2603,68.34,97,42,0.47,CD,2022-07-21 02:31:46
198,Clyde River,70.4692,-68.5914,35.83,100,100,10.36,CA,2022-07-21 02:31:46
199,Longyearbyen,78.2186,15.6401,51.64,82,75,12.66,SJ,2022-07-21 02:31:46
200,Najran,17.4924,44.1277,83.05,51,90,2.86,SA,2022-07-21 02:31:47
201,Torbay,47.6666,-52.7314,63.57,88,100,21.85,CA,2022-07-21 02:30:43
202,Castro,-24.7911,-50.0119,55.35,94,3,4.34,BR,2022-07-21 02:31:47
203,Akyab,20.15,92.9,84.58,76,100,6.73,MM,2022-07-21 02:31:48
204,Vetlanda,57.4289,15.0776,61.39,69,17,4.25,SE,2022-07-21 02:31:48
205,Tamandare,-8.7597,-35.1047,74.46,90,100,9.15,BR,2022-07-21 02:31:49
206,Marly,50.3456,3.5496,64.78,97,75,7.76,FR,2022-07-21 02:31:49
207,Humaita,-7.5061,-63.0208,74.28,53,5,2.51,BR,2022-07-21 02:31:49
208,Ostrovnoy,68.0531,39.5131,50.58,88,30,3.47,RU,2022-07-21 02:31:50
209,Severo-Kurilsk,50.6789,156.125,52.03,97,98,13.82,RU,2022-07-21 02:31:50
210,Lidkoping,58.5052,13.1577,65.41,67,73,8.21,SE,2022-07-21 02:31:51
211,Baykit,61.67,96.37,65.59,60,35,4.16,RU,2022-07-21 02:29:08
212,Inirida,3.8653,-67.9239,72.45,96,89,1.66,CO,2022-07-21 02:31:51
213,Souillac,-20.5167,57.5167,68.38,77,75,21.85,MU,2022-07-21 02:31:52
214,Plettenberg Bay,-34.0527,23.3716,51.82,84,0,5.68,ZA,2022-07-21 02:31:52
215,Pionerskiy,54.9508,20.2275,60.75,79,0,9.01,RU,2022-07-21 02:31:52
216,Sawakin,19.1059,37.3321,88.12,55,82,15.26,SD,2022-07-21 02:31:53
217,Coolum Beach,-26.5333,153.1,65.1,83,100,16.91,AU,2022-07-21 02:31:53
218,Rio Do Sul,-27.2142,-49.6431,56.55,99,57,1.9,BR,2022-07-21 02:31:54
219,Sisimiut,66.9395,-53.6735,50.2,88,100,8.28,GL,2022-07-21 02:31:54
220,Sao Joao Da Barra,-21.6403,-41.0511,67.03,94,1,6.91,BR,2022-07-21 02:31:55
221,Acatlan,20.15,-98.45,57.47,93,4,3.69,MX,2022-07-21 02:31:55
222,Pitimbu,-7.4706,-34.8086,73.99,87,100,12.3,BR,2022-07-21 02:31:55
223,Biak,-0.9131,122.8766,81.45,76,29,3.04,ID,2022-07-21 02:31:56
224,Boa Vista,2.8197,-60.6733,80.58,74,40,12.66,BR,2022-07-21 02:28:20
225,Saldanha,-33.0117,17.9442,39.25,74,0,6.04,ZA,2022-07-21 02:31:57
226,Charters Towers,-20.1,146.2667,73.13,50,12,8.32,AU,2022-07-21 02:31:57
227,Avera,33.194,-82.5271,79.56,80,100,9.69,US,2022-07-21 02:31:57
228,San Ramon,37.7799,-121.978,88.65,52,0,13.8,US,2022-07-21 02:29:20
229,Vestmannaeyjar,63.4427,-20.2734,51.37,83,71,12.21,IS,2022-07-21 02:31:58
230,Hami,42.8,93.45,72.25,37,19,1.66,CN,2022-07-21 02:29:46
231,Umba,66.6871,34.3429,56.62,78,29,4.47,RU,2022-07-21 02:31:59
232,Thanatpin,17.2119,96.3033,80.78,84,100,5.44,MM,2022-07-21 02:31:59
233,Odesskoye,54.2111,72.9651,67.82,79,3,11.16,RU,2022-07-21 02:31:59
234,Bengkulu,-3.8004,102.2655,82.81,70,15,1.14,ID,2022-07-21 02:32:00
235,Diamantino,-14.4086,-56.4461,70.75,46,8,3.96,BR,2022-07-21 02:33:00
236,Peachland,49.7665,-119.7357,92.59,23,2,4.25,CA,2022-07-21 02:33:01
237,Chuy,-33.6971,-53.4616,57.81,98,77,8.7,UY,2022-07-21 02:33:01
238,Victoria,22.2855,114.1577,91.45,72,11,3.0,HK,2022-07-21 02:31:11
239,Houma,29.5958,-90.7195,84.99,81,0,4.61,US,2022-07-21 02:33:02
240,Den Helder,52.9599,4.7593,67.95,88,100,10.36,NL,2022-07-21 02:33:02
241,Ler,8.3018,30.1418,72.52,83,100,0.85,SS,2022-07-21 02:33:03
242,Coquimbo,-29.9533,-71.3436,53.33,87,100,2.3,CL,2022-07-21 02:28:04
243,Bandiagara,14.3501,-3.6104,78.26,77,97,8.97,ML,2022-07-21 02:33:04
244,Iqaluit,63.7506,-68.5145,55.13,82,75,9.22,CA,2022-07-21 02:33:04
245,Taltal,-25.4,-70.4833,57.24,87,100,2.37,CL,2022-07-21 02:33:05
246,Taybad,34.74,60.7756,85.98,14,0,23.47,IR,2022-07-21 02:33:05
247,Greencastle,39.6445,-86.8647,82.26,78,0,10.36,US,2022-07-21 02:33:06
248,Bozoum,6.3193,16.3799,67.23,98,99,3.02,CF,2022-07-21 02:33:06
249,Tautira,-17.7333,-149.15,75.97,75,18,9.24,PF,2022-07-21 02:33:07
250,Agirish,61.9247,63.0231,58.57,65,96,9.04,RU,2022-07-21 02:33:07
251,Egvekinot,66.3167,-179.1667,44.11,54,80,6.82,RU,2022-07-21 02:33:08
252,Merrill,45.1805,-89.6835,72.03,79,0,6.91,US,2022-07-21 02:33:08
253,Seymchan,62.8833,152.4333,46.15,79,100,7.52,RU,2022-07-21 02:33:08
254,Ilulissat,69.2167,-51.1,55.42,47,75,10.36,GL,2022-07-21 02:33:09
255,Banjar,-8.19,114.9675,85.06,59,67,3.78,ID,2022-07-21 02:33:09
256,Klaksvik,62.2266,-6.589,49.12,91,86,18.07,FO,2022-07-21 02:33:10
257,Balikpapan,-1.2675,116.8289,83.39,84,40,5.75,ID,2022-07-21 02:33:10
258,Hareid,62.3714,6.0263,59.97,90,95,1.01,NO,2022-07-21 02:33:10
259,Frontera,26.9333,-101.45,97.32,31,48,7.0,MX,2022-07-21 02:33:11
260,Taksimo,56.3444,114.8794,66.31,76,96,3.53,RU,2022-07-21 02:33:10
261,Maceio,-9.6658,-35.7353,74.64,94,75,8.05,BR,2022-07-21 02:32:44
262,Ponta Do Sol,32.6667,-17.1,70.43,77,10,7.02,PT,2022-07-21 02:33:12
263,Surt,31.2089,16.5887,77.45,70,0,7.09,LY,2022-07-21 02:33:12
264,Newport,51.5877,-2.9984,64.45,76,87,5.95,GB,2022-07-21 02:32:49
265,Solnechnyy,50.7214,136.6319,58.42,97,100,5.39,RU,2022-07-21 02:33:13
266,Yulara,-25.2406,130.9889,63.73,27,7,12.19,AU,2022-07-21 02:33:13
267,Caravelas,-17.7125,-39.2481,69.98,80,0,5.93,BR,2022-07-21 02:33:14
268,Husavik,66.0449,-17.3389,45.16,88,71,2.01,IS,2022-07-21 02:33:14
269,Chulym,55.0997,80.9572,62.33,87,100,9.44,RU,2022-07-21 02:33:15
270,Poum,-20.2333,164.0167,77.88,80,51,21.36,NC,2022-07-21 02:33:15
271,Ullapool,57.8987,-5.1604,54.36,95,99,5.12,GB,2022-07-21 02:33:16
272,Nyimba,-14.5566,30.8149,67.1,53,98,5.03,ZM,2022-07-21 02:33:16
273,Dukat,62.55,155.55,49.41,46,100,8.08,RU,2022-07-21 02:33:17
274,Berberati,4.2612,15.7922,66.96,98,100,1.9,CF,2022-07-21 02:33:17
275,Kalmunai,7.4167,81.8167,83.16,74,100,2.08,LK,2022-07-21 02:33:17
276,Minab,27.1467,57.0801,88.12,74,40,0.0,IR,2022-07-21 02:33:18
277,Marawi,7.9986,124.2928,78.76,77,85,3.85,PH,2022-07-21 02:33:18
278,Pringsewu,-5.3582,104.9744,82.74,74,48,3.0,ID,2022-07-21 02:33:19
279,Belaya Kholunitsa,58.84,50.8528,56.44,91,12,1.19,RU,2022-07-21 02:33:13
280,Georgetown,5.4112,100.3354,85.95,81,20,3.44,MY,2022-07-21 02:33:09
281,Riihimaki,60.7377,24.7773,56.55,82,51,1.34,FI,2022-07-21 02:34:20
282,Duncan,34.5023,-97.9578,96.69,43,0,8.05,US,2022-07-21 02:34:20
283,Arkhara,49.4212,130.0842,75.34,63,35,9.19,RU,2022-07-21 02:34:21
284,Masuguru,-11.3667,38.4167,63.32,91,0,2.06,TZ,2022-07-21 02:34:21
285,Changchun,43.88,125.3228,78.76,75,99,2.17,CN,2022-07-21 02:34:21
286,Ust-Nera,64.5667,143.2,69.58,58,100,7.96,RU,2022-07-21 02:34:22
287,Ivybridge,50.3904,-3.9191,59.68,88,0,8.34,GB,2022-07-21 02:34:22
288,Fukue,32.6881,128.8419,84.56,89,75,11.5,JP,2022-07-21 02:34:23
289,Lethem,3.3803,-59.7968,74.64,88,70,2.93,GY,2022-07-21 02:34:23
290,Lorengau,-2.0226,147.2712,84.58,66,85,4.99,PG,2022-07-21 02:34:16
291,La Ciotat,43.1748,5.6045,79.81,64,0,5.53,FR,2022-07-21 02:34:24
292,Bandarbeyla,9.4942,50.8122,75.4,74,7,24.2,SO,2022-07-21 02:34:24
293,Barahan,13.0121,120.762,85.51,70,71,5.35,PH,2022-07-21 02:34:25
294,Tura,25.5198,90.2201,77.83,92,99,4.43,IN,2022-07-21 02:34:25
295,Kilindoni,-7.9139,39.6668,75.4,71,12,13.71,TZ,2022-07-21 02:34:25
296,Waipawa,-41.4122,175.5153,44.8,94,100,29.1,NZ,2022-07-21 02:34:26
297,Atar,20.5169,-13.0499,81.18,60,34,10.25,MR,2022-07-21 02:34:26
298,Narsaq,60.9167,-46.05,48.42,96,55,4.68,GL,2022-07-21 02:34:27
299,Fort Nelson,58.8053,-122.7002,72.99,35,75,8.05,CA,2022-07-21 02:33:09
300,Manokwari,-0.8667,134.0833,83.12,70,69,3.49,ID,2022-07-21 02:34:27
301,Thompson,55.7435,-97.8558,64.56,77,75,5.75,CA,2022-07-21 02:34:28
302,Novikovo,51.1537,37.8879,54.14,93,82,12.55,RU,2022-07-21 02:34:28
303,Saint George,37.1041,-113.5841,104.59,15,0,14.97,US,2022-07-21 02:32:06
304,Wells,51.2079,-2.649,63.52,74,91,5.95,GB,2022-07-21 02:34:29
305,Meulaboh,4.1363,96.1285,82.8,65,100,0.09,ID,2022-07-21 02:34:29
306,Attendorn,51.1265,7.9033,64.42,92,91,3.76,DE,2022-07-21 02:34:30
307,San Jeronimo,-11.9472,-75.2829,46.08,79,71,2.44,PE,2022-07-21 02:34:30
308,Vila Franca Do Campo,37.7167,-25.4333,70.21,91,41,0.85,PT,2022-07-21 02:34:31
309,Hay River,60.8156,-115.7999,62.58,82,46,6.91,CA,2022-07-21 02:31:25
310,Cap Malheureux,-19.9842,57.6142,68.47,71,92,7.0,MU,2022-07-21 02:31:07
311,Porto Nacional,-10.7081,-48.4172,73.4,42,2,1.32,BR,2022-07-21 02:34:32
312,Roela,59.1667,26.5926,57.67,83,86,5.35,EE,2022-07-21 02:34:32
313,Tsiroanomandidy,-18.7667,46.0333,52.93,81,0,4.07,MG,2022-07-21 02:34:33
314,Mandera,3.9366,41.867,73.0,51,100,16.73,KE,2022-07-21 02:34:33
315,Pisco,-13.7,-76.2167,60.85,82,100,6.91,PE,2022-07-21 02:34:33
316,Murwillumbah,-28.3167,153.4,61.12,82,75,19.57,AU,2022-07-21 02:34:34
317,San Roque,36.2107,-5.3842,74.23,88,100,11.5,ES,2022-07-21 02:34:34
318,Lavrentiya,65.5833,-171.0,40.69,74,100,20.38,RU,2022-07-21 02:34:35
319,Sinop,41.7711,34.8709,56.82,59,0,5.57,TR,2022-07-21 02:34:35
320,Quatre Cocos,-20.2078,57.7625,68.11,70,91,20.92,MU,2022-07-21 02:34:36
321,Nanakuli,21.3906,-158.1547,87.75,45,40,11.5,US,2022-07-21 02:34:36
322,Nanortalik,60.1432,-45.2371,49.06,87,15,13.29,GL,2022-07-21 02:34:37
323,Zhigansk,66.7697,123.3711,54.09,67,100,9.4,RU,2022-07-21 02:34:37
324,Macaubas,-13.0194,-42.6986,63.82,83,42,4.45,BR,2022-07-21 02:34:37
325,Tatahuicapan,18.2333,-94.75,75.88,72,98,4.94,MX,2022-07-21 02:34:38
326,Karachi,24.9056,67.0822,84.02,79,75,18.41,PK,2022-07-21 02:33:58
327,Baherden,38.4362,57.4316,88.83,32,0,7.43,TM,2022-07-21 02:35:38
328,Yerbogachen,61.2767,108.0108,69.78,55,33,7.14,RU,2022-07-21 02:35:39
329,Mount Isa,-20.7333,139.5,67.77,22,0,12.66,AU,2022-07-21 02:35:39
330,Chauk,20.8833,94.8167,88.02,62,99,5.46,MM,2022-07-21 02:35:40
331,Dzaoudzi,-12.7887,45.2699,67.89,94,0,3.44,YT,2022-07-21 02:35:40
332,Paita,-5.0892,-81.1144,62.74,84,25,12.48,PE,2022-07-21 02:35:40
333,Rimavska Sobota,48.3828,20.0224,65.12,62,1,2.95,SK,2022-07-21 02:35:41
334,Bocas Del Toro,9.3333,-82.25,78.37,83,100,5.68,PA,2022-07-21 02:32:20
335,Hithadhoo,-0.6,73.0833,79.88,76,99,5.66,MV,2022-07-21 02:35:33
336,Bedford,52.1346,-0.4663,65.79,83,91,8.5,GB,2022-07-21 02:35:42
337,Nizhneudinsk,54.9076,99.0276,71.35,50,7,6.87,RU,2022-07-21 02:35:42
338,Henties Bay,-22.116,14.2845,54.93,84,0,4.09,NA,2022-07-21 02:35:43
339,Makakilo City,21.3469,-158.0858,86.32,55,40,17.27,US,2022-07-21 02:35:43
340,Bakchar,57.0186,82.0711,66.54,70,100,5.84,RU,2022-07-21 02:35:17
341,Anadyr,64.75,177.4833,54.1,54,75,15.66,RU,2022-07-21 02:35:44
342,Batemans Bay,-35.7167,150.1833,54.1,69,100,3.65,AU,2022-07-21 02:35:44
343,Flinders,-34.5833,150.8552,60.19,87,87,5.99,AU,2022-07-21 02:35:45
344,Tateyama,34.9833,139.8667,80.92,80,85,8.86,JP,2022-07-21 02:35:45
345,Magan,39.9683,-3.931,79.32,55,1,8.77,ES,2022-07-21 02:35:45
346,Tazovskiy,67.4667,78.7,45.28,86,100,8.75,RU,2022-07-21 02:32:15
347,Mehamn,71.0357,27.8492,58.95,82,20,9.22,NO,2022-07-21 02:35:46
348,Merauke,-8.4667,140.3333,79.05,82,100,12.5,ID,2022-07-21 02:35:46
349,San Patricio,28.017,-97.5169,86.9,78,1,17.78,US,2022-07-21 02:35:47
350,Katsuura,35.1333,140.3,81.0,77,100,9.57,JP,2022-07-21 02:35:47
351,Mahebourg,-20.4081,57.7,68.29,77,75,21.85,MU,2022-07-21 02:35:48
352,Corinto,37.9407,22.9573,78.89,47,0,4.03,GR,2022-07-21 02:35:48
353,Bongandanga,1.5,21.05,69.53,98,96,2.53,CD,2022-07-21 02:35:48
354,Kieta,-6.2167,155.6333,84.79,65,64,5.06,PG,2022-07-21 02:35:49
355,Isla Vista,34.4133,-119.861,84.34,54,91,4.94,US,2022-07-21 02:35:49
356,Ulaangom,49.9811,92.0667,69.69,33,7,5.82,MN,2022-07-21 02:35:50
357,Sadao,6.6388,100.4234,82.22,63,99,4.54,TH,2022-07-21 02:35:50
358,Bayji,34.9311,43.487,88.5,19,0,9.86,IQ,2022-07-21 02:35:50
359,Mosquera,4.7059,-74.2302,53.69,87,40,2.3,CO,2022-07-21 02:32:25
360,Champerico,14.3,-91.9167,81.91,78,100,5.88,GT,2022-07-21 02:35:51
361,Westport,41.1415,-73.3579,82.22,69,0,6.91,US,2022-07-21 02:35:03
362,Sao Lourenco Do Sul,-31.3653,-51.9783,57.42,95,11,7.67,BR,2022-07-21 02:35:52
363,Cherskiy,68.75,161.3,48.31,38,13,18.54,RU,2022-07-21 02:35:52
364,Odweyne,9.4092,45.064,68.13,65,88,19.69,SO,2022-07-21 02:35:53
365,Arlit,18.7369,7.3853,89.28,30,85,6.31,NE,2022-07-21 02:35:53
366,Altamont,42.2068,-121.7372,91.24,9,0,12.66,US,2022-07-21 02:35:53
367,Juegang,32.3174,121.1855,84.9,80,96,8.46,CN,2022-07-21 02:35:54
368,Bielsk Podlaski,52.7651,23.1865,56.01,88,3,2.28,PL,2022-07-21 02:32:58
369,Pochutla,15.7432,-96.4661,82.22,90,96,3.94,MX,2022-07-21 02:35:54
370,Mahon,39.8885,4.2658,77.56,88,0,9.22,ES,2022-07-21 02:35:55
371,Guerrero Negro,27.9769,-114.0611,70.86,73,7,15.41,MX,2022-07-21 02:35:55
372,Muros,42.7762,-9.0603,66.09,81,5,9.66,ES,2022-07-21 02:35:56
373,Pacific Grove,36.6177,-121.9166,69.03,88,75,9.22,US,2022-07-21 02:35:56
374,Les Cayes,18.2,-73.75,79.27,79,2,4.14,HT,2022-07-21 02:35:57
375,Qaqortoq,60.7167,-46.0333,45.25,98,52,5.39,GL,2022-07-21 02:36:57
376,Pointe Michel,15.25,-61.3833,81.01,83,80,14.2,DM,2022-07-21 02:36:58
377,Tomatlan,19.9333,-105.25,81.14,80,71,5.73,MX,2022-07-21 02:36:58
378,Zlitan,32.4674,14.5687,76.15,68,0,4.34,LY,2022-07-21 02:36:59
379,Urdoma,61.7533,48.5442,60.46,86,39,3.29,RU,2022-07-21 02:36:59
380,San Luis,-33.295,-66.3356,50.63,50,0,6.17,AR,2022-07-21 02:36:59
381,Kindu,-2.95,25.95,70.86,80,38,2.71,CD,2022-07-21 02:37:00
382,Muli,2.9167,73.5667,80.51,77,100,15.28,MV,2022-07-21 02:37:01
383,Nuuk,64.1835,-51.7216,63.21,59,75,27.63,GL,2022-07-21 02:37:01
384,Cayenne,4.9333,-52.3333,80.1,1,40,0.0,GF,2022-07-21 02:37:01
385,Pop,40.8736,71.1089,82.89,14,0,5.44,UZ,2022-07-21 02:37:02
386,Namatanai,-3.6667,152.4333,83.55,71,46,6.29,PG,2022-07-21 02:37:02
387,Port-Gentil,-0.7193,8.7815,73.89,84,98,11.32,GA,2022-07-21 02:37:03
388,Nabire,-3.3667,135.4833,85.98,63,89,5.23,ID,2022-07-21 02:35:41
389,Ancud,-41.8697,-73.8203,40.23,64,51,11.43,CL,2022-07-21 02:37:03
390,Zhanaozen,43.3,52.8,80.58,35,6,22.88,KZ,2022-07-21 02:37:04
391,Bereznik,62.8551,42.7072,61.14,86,1,0.85,RU,2022-07-21 02:37:05
392,Tezu,27.9167,96.1667,78.76,98,100,0.65,IN,2022-07-21 02:37:05
393,Prince Rupert,54.3161,-130.3201,57.29,78,40,9.22,CA,2022-07-21 02:37:05
394,Ukiah,39.1502,-123.2078,93.09,14,0,9.22,US,2022-07-21 02:37:06
395,Petropavlovsk-Kamchatskiy,53.0452,158.6483,66.79,64,75,13.42,RU,2022-07-21 02:37:07
396,Saint-Pierre,-21.3393,55.4781,67.68,69,75,25.32,RE,2022-07-21 02:37:07
397,San Cristobal,7.7669,-72.225,75.38,97,58,4.0,VE,2022-07-21 02:37:08
398,Igualada,41.581,1.6172,75.11,85,0,1.01,ES,2022-07-21 02:37:08
399,Shingu,33.7333,135.9833,87.6,54,66,5.68,JP,2022-07-21 02:37:08
400,Ambilobe,-13.2,49.05,66.94,69,2,7.18,MG,2022-07-21 02:37:09
401,Pangnirtung,66.1451,-65.7125,45.63,87,100,0.6,CA,2022-07-21 02:37:10
402,Ushibuka,32.1906,130.0228,81.43,91,100,12.15,JP,2022-07-21 02:37:10
403,Baijiantan,45.6333,85.1833,82.04,22,11,5.79,CN,2022-07-21 02:37:10
404,Fort-Shevchenko,44.5086,50.263,78.35,62,62,18.68,KZ,2022-07-21 02:37:11
405,Belaya Gora,68.5333,146.4167,59.9,45,17,6.51,RU,2022-07-21 02:35:39
406,Matagami,49.7502,-77.6328,69.91,88,75,6.91,CA,2022-07-21 02:37:11
407,Saint-Joseph,-21.3667,55.6167,66.58,77,19,15.26,RE,2022-07-21 02:35:32
408,Sitka,57.0531,-135.33,55.29,82,100,9.22,US,2022-07-21 02:37:12
409,Norman Wells,65.282,-126.8329,73.44,46,75,6.91,CA,2022-07-21 02:37:12
410,San Rafael,-34.6177,-68.3301,54.72,21,0,5.35,AR,2022-07-21 02:35:27
411,Yatou,37.15,122.3833,78.44,68,66,8.84,CN,2022-07-21 02:37:13
412,Xuddur,4.1213,43.8894,67.15,78,19,15.95,SO,2022-07-21 02:37:13
413,Santa Isabel,-23.3156,-46.2214,63.7,97,51,2.17,BR,2022-07-21 02:37:14
414,Areosa,41.7178,-8.8571,64.47,80,0,5.26,PT,2022-07-21 02:37:14
415,Chipinge,-20.1883,32.6236,52.86,87,38,3.15,ZW,2022-07-21 02:37:15
416,Lagoa,39.05,-27.9833,70.79,83,8,5.44,PT,2022-07-21 02:37:15
417,Spas-Demensk,54.4122,34.0226,55.72,89,97,10.8,RU,2022-07-21 02:37:15
418,Grand Forks,47.9417,-97.4337,74.93,64,20,9.22,US,2022-07-21 02:35:29
419,Acara,-1.9608,-48.1967,73.38,97,77,2.66,BR,2022-07-21 02:37:16
420,Deputatskiy,69.3,139.9,49.75,62,92,17.45,RU,2022-07-21 02:37:16
421,Aasiaat,68.7098,-52.8699,40.82,98,100,2.01,GL,2022-07-21 02:38:17
422,Koumac,-20.5667,164.2833,81.75,66,50,4.25,NC,2022-07-21 02:38:17
423,Mareeba,-17.0,145.4333,78.44,65,36,3.4,AU,2022-07-21 02:38:18
424,Sur,22.5667,59.5289,84.52,74,93,10.29,OM,2022-07-21 02:35:51
425,Vao,-22.6667,167.4833,74.08,88,100,11.48,NC,2022-07-21 02:38:18
426,Mets Masrik,40.2183,45.7681,57.43,72,0,7.9,AM,2022-07-21 02:38:19
427,Vardo,70.3705,31.1107,55.38,94,20,12.66,NO,2022-07-21 02:38:19
428,Elesbao Veloso,-6.2019,-42.1403,69.6,62,14,4.27,BR,2022-07-21 02:38:20
429,Coachella,33.6803,-116.1739,109.35,17,0,8.99,US,2022-07-21 02:36:47
430,Beloha,-25.1667,45.05,59.94,61,0,6.26,MG,2022-07-21 02:38:20
431,Kontagora,10.3999,5.4695,72.18,91,100,2.75,NG,2022-07-21 02:38:21
432,Chingirlau,51.095,54.0814,70.2,44,12,4.76,KZ,2022-07-21 02:38:21
433,Livingston,55.9029,-3.5226,58.21,83,40,6.91,GB,2022-07-21 02:36:25
434,Aras,42.5617,-2.356,61.21,72,0,5.75,ES,2022-07-21 02:38:22
435,Gemena,3.25,19.7667,69.1,99,91,1.12,CD,2022-07-21 02:38:22
436,Zhezkazgan,47.8043,67.7144,80.58,32,40,6.71,KZ,2022-07-21 02:38:23
437,Myre,69.1036,15.9492,57.34,88,80,9.37,NO,2022-07-21 02:38:23
438,Arroyo,41.6096,-4.7969,66.15,73,0,5.75,ES,2022-07-21 02:38:23
439,Dunedin,-45.8742,170.5036,45.81,65,99,15.01,NZ,2022-07-21 02:38:24
440,Goderich,43.7501,-81.7165,72.91,78,7,10.36,CA,2022-07-21 02:38:24
441,Talnakh,69.4865,88.3972,54.05,75,100,7.78,RU,2022-07-21 02:38:25
442,Puerto Montt,-41.4698,-72.9447,34.63,100,75,3.44,CL,2022-07-21 02:38:25
443,Nisia Floresta,-6.0911,-35.2086,75.58,95,93,5.35,BR,2022-07-21 02:38:25
444,Leopoldina,-21.5319,-42.6431,64.85,86,70,3.47,BR,2022-07-21 02:38:26
445,Bandundu,-3.3167,17.3667,73.85,79,31,3.98,CD,2022-07-21 02:38:26
446,Bitung,1.4451,125.1824,88.65,70,46,9.37,ID,2022-07-21 02:38:27
447,Svetlogorsk,52.6333,29.7333,54.18,79,16,10.65,BY,2022-07-21 02:38:27
448,Vanimo,-2.6741,141.3028,86.56,64,64,8.66,PG,2022-07-21 02:38:28
449,Bonito,-21.1211,-56.4819,68.81,38,50,2.06,BR,2022-07-21 02:38:28
450,Varena,54.2167,24.5667,53.33,87,7,4.61,LT,2022-07-21 02:38:28
451,Nola,40.922,14.5329,79.3,58,0,1.83,IT,2022-07-21 02:38:29
452,Ajtos,42.7,27.25,63.82,54,0,6.11,BG,2022-07-21 02:38:29
453,Bodden Town,19.2833,-81.25,84.0,73,20,0.0,KY,2022-07-21 02:38:30
454,Fairbanks,64.8378,-147.7164,69.6,49,75,11.5,US,2022-07-21 02:35:02
455,Adrar,20.5022,-10.0711,87.57,34,71,9.26,MR,2022-07-21 02:38:30
456,Ulagan,50.6321,87.9563,63.73,43,97,1.97,RU,2022-07-21 02:38:31
457,Skibotn,69.3913,20.2679,60.08,76,66,7.4,NO,2022-07-21 02:38:31
458,Lakes Entrance,-37.8811,147.981,54.16,65,13,12.12,AU,2022-07-21 02:38:32
459,Manicore,-5.8092,-61.3003,75.15,88,0,0.0,BR,2022-07-21 02:38:32
460,Raton,36.9034,-104.4391,66.81,78,0,6.91,US,2022-07-21 02:38:32
461,Bud,39.447,-86.1758,84.15,90,0,7.09,US,2022-07-21 02:38:33
462,Jawhar,2.7809,45.5005,70.63,90,57,12.12,SO,2022-07-21 02:38:33
463,Dali,25.7,100.1833,65.12,91,100,2.73,CN,2022-07-21 02:38:34
464,Nazarovo,56.0064,90.3914,64.49,74,100,7.85,RU,2022-07-21 02:38:34
465,Cockburn Town,21.4612,-71.1419,82.18,81,0,21.34,TC,2022-07-21 02:36:52
466,Kamenka,51.3223,42.7678,57.22,97,100,5.61,RU,2022-07-21 02:38:35
467,Kutum,14.2,24.6667,73.2,66,46,6.17,SD,2022-07-21 02:38:35
468,Lubango,-14.9172,13.4925,53.11,42,0,4.79,AO,2022-07-21 02:38:36
469,Baie-Comeau,49.2168,-68.1489,60.48,82,0,4.61,CA,2022-07-21 02:38:36
470,Celestun,20.8667,-90.4,81.81,77,70,16.2,MX,2022-07-21 02:39:37
471,Adeje,28.1227,-16.726,82.87,28,0,16.11,ES,2022-07-21 02:39:37
472,San Joaquin,37.9333,-121.3011,95.25,23,0,13.8,US,2022-07-21 02:39:37
473,Turukhansk,65.8167,87.9833,58.62,72,61,4.09,RU,2022-07-21 02:39:38
474,Kindersley,51.4668,-109.1682,71.62,60,20,5.75,CA,2022-07-21 02:39:38
475,Jumla,29.2747,82.1838,66.16,88,100,1.95,NP,2022-07-21 02:39:39
476,Chernyshevskiy,63.0128,112.4714,64.9,66,100,2.37,RU,2022-07-21 02:39:39
477,Jilotzingo,19.87,-99.0578,74.08,57,14,6.58,MX,2022-07-21 02:37:57
478,Riyadh,24.6877,46.7219,86.14,12,20,5.03,SA,2022-07-21 02:35:40
479,Foumban,5.7291,10.9001,63.14,99,100,0.65,CM,2022-07-21 02:39:40
480,Mutterstadt,49.4414,8.3561,69.03,92,2,5.3,DE,2022-07-21 02:39:40
481,Halver,51.1861,7.4982,61.84,95,97,5.79,DE,2022-07-21 02:39:41
482,Salalah,17.0151,54.0924,75.29,100,100,6.91,OM,2022-07-21 02:39:41
483,Bousso,10.4795,16.7117,70.99,98,100,1.74,TD,2022-07-21 02:39:42
484,Progreso,21.2833,-89.6667,86.11,82,20,14.99,MX,2022-07-21 02:39:42
485,Malia,35.2833,25.4667,75.81,84,4,11.9,GR,2022-07-21 02:39:43
486,Sann,26.0418,68.1378,84.11,70,29,24.47,PK,2022-07-21 02:39:43
487,Nadym,65.5333,72.5167,56.91,55,61,14.61,RU,2022-07-21 02:39:44
488,Mount Darwin,-16.7725,31.5838,53.44,88,6,3.67,ZW,2022-07-21 02:39:44
489,Hornepayne,49.2138,-84.7705,61.52,99,100,9.93,CA,2022-07-21 02:39:44
490,Matay,28.419,30.7792,75.65,58,1,14.07,EG,2022-07-21 02:39:45
491,Bartica,6.4,-58.6167,77.32,98,95,2.08,GY,2022-07-21 02:39:45
492,Nemuro,43.3236,145.575,60.91,85,56,8.68,JP,2022-07-21 02:39:46
493,Marrakesh,31.6315,-8.0083,87.87,33,40,4.61,MA,2022-07-21 02:39:46
494,Praya,14.9215,-23.5087,77.54,88,40,9.22,CV,2022-07-21 02:39:47
495,Acarau,-2.8856,-40.12,74.8,83,33,9.53,BR,2022-07-21 02:39:47
496,Marsh Harbour,26.5412,-77.0636,82.33,76,6,12.37,BS,2022-07-21 02:35:30
497,Tiarei,-17.5333,-149.3333,77.02,73,8,10.6,PF,2022-07-21 02:39:48
498,Grand Gaube,-20.0064,57.6608,68.4,70,93,8.99,MU,2022-07-21 02:39:48
499,Hasaki,35.7333,140.8333,91.29,77,90,8.28,JP,2022-07-21 02:39:48
500,Zaraza,9.3503,-65.3245,72.52,97,98,2.3,VE,2022-07-21 02:39:49
501,Kawalu,-7.3817,108.2082,75.69,82,93,3.22,ID,2022-07-21 02:39:49
502,Silver City,32.7701,-108.2803,73.69,53,100,13.0,US,2022-07-21 02:39:50
503,Walvis Bay,-22.9575,14.5053,52.75,66,0,8.05,NA,2022-07-21 02:35:46
504,Palana,59.1167,159.9667,57.22,63,69,15.61,RU,2022-07-21 02:39:50
505,Honningsvag,70.9821,25.9704,58.75,77,100,14.97,NO,2022-07-21 02:39:51
506,Guarda,40.5373,-7.2658,63.07,45,0,5.03,PT,2022-07-21 02:39:51
507,Kropotkin,45.4375,40.5756,61.07,66,0,7.52,RU,2022-07-21 02:39:52
508,Tilichiki,60.4667,166.1,65.68,37,5,8.48,RU,2022-07-21 02:39:52
509,Son La,21.3167,103.9,76.53,88,100,2.8,VN,2022-07-21 02:39:52
510,Babushkin,51.7122,105.8647,61.72,65,66,2.93,RU,2022-07-21 02:39:53
511,Sao Gabriel Da Cachoeira,-0.1303,-67.0892,71.29,99,99,3.11,BR,2022-07-21 02:39:53
512,Terrace Bay,48.7834,-87.1,58.17,96,99,9.93,CA,2022-07-21 02:39:54
513,Sumbe,-11.2061,13.8437,67.03,91,83,2.57,AO,2022-07-21 02:39:54
514,Tiassale,5.8983,-4.8283,67.24,91,63,2.77,CI,2022-07-21 02:39:55
515,Bintulu,3.1667,113.0333,84.61,83,20,2.3,MY,2022-07-21 02:39:55
516,Camacha,33.0833,-16.3333,67.42,78,75,10.36,PT,2022-07-21 02:40:56
517,Auki,-8.7676,160.7034,86.16,61,100,2.62,SB,2022-07-21 02:40:56
518,Ixtapa,20.7,-105.2,87.03,74,75,4.61,MX,2022-07-21 02:40:56
519,Tual,-5.6667,132.75,79.2,74,83,21.18,ID,2022-07-21 02:40:57
520,Arman,59.7,150.1667,79.02,71,37,5.79,RU,2022-07-21 02:40:57
521,Melilla,35.2937,-2.9383,79.18,73,100,5.75,ES,2022-07-21 02:40:58
522,Puerto Leguizamo,-0.1934,-74.7819,69.24,99,91,2.01,CO,2022-07-21 02:40:58
523,Khorixas,-20.3667,14.9667,58.21,31,0,7.52,NA,2022-07-21 02:40:58
524,Kinablangan,7.6947,126.5503,85.12,68,26,5.39,PH,2022-07-21 02:40:59
525,Smithers,54.7804,-127.1743,73.72,38,40,5.75,CA,2022-07-21 02:38:42
526,Monrovia,6.3005,-10.7969,74.97,79,100,11.45,LR,2022-07-21 02:40:59
527,Bani,18.2833,-70.3333,74.64,81,25,12.15,DO,2022-07-21 02:41:00
528,Ahuimanu,21.4447,-157.8378,87.51,67,20,17.27,US,2022-07-21 02:41:00
529,Saint-Augustin,51.226,-58.6502,56.75,87,98,12.64,CA,2022-07-21 02:41:01
530,Elat,29.5581,34.9482,82.24,61,0,5.75,IL,2022-07-21 02:41:01
531,Pando,-34.7167,-55.95,60.89,94,0,6.91,UY,2022-07-21 02:41:01
532,Komyshnya,50.1859,33.684,51.75,91,0,9.53,UA,2022-07-21 02:41:02
533,Upata,8.0086,-62.3989,74.19,96,100,2.75,VE,2022-07-21 02:41:02
534,Umm Lajj,25.0213,37.2685,84.58,62,12,8.66,SA,2022-07-21 02:41:02
535,Cullman,34.1748,-86.8436,86.65,69,0,4.61,US,2022-07-21 02:38:06
536,Oudtshoorn,-33.5907,22.2014,43.16,95,11,1.97,ZA,2022-07-21 02:41:03
537,Leh,34.1667,77.5833,63.7,14,100,7.63,IN,2022-07-21 02:40:43
538,Ashtian,34.5217,50.0019,74.25,20,0,4.9,IR,2022-07-21 02:41:04
539,Nampula,-15.1165,39.2666,60.75,94,0,4.61,MZ,2022-07-21 02:41:04
540,Caucaia,-3.7361,-38.6531,78.75,73,0,3.44,BR,2022-07-21 02:36:22
541,Cozumel,20.5083,-86.9458,82.47,83,20,5.75,MX,2022-07-21 02:37:52
542,Alta Gracia,-31.6529,-64.4283,54.88,45,100,4.18,AR,2022-07-21 02:38:26
543,Mugur-Aksy,50.35,90.5,54.61,53,46,6.73,RU,2022-07-21 02:41:05
544,Springbok,-29.6643,17.8865,41.86,63,0,5.08,ZA,2022-07-21 02:41:05
545,Sagua La Grande,22.8067,-80.0756,77.99,80,0,9.55,CU,2022-07-21 02:41:05
546,Toora-Khem,52.4675,96.11,68.0,42,3,2.93,RU,2022-07-21 02:41:06
547,La Ronge,55.1001,-105.2842,70.05,46,75,8.05,CA,2022-07-21 02:41:06
548,Birin,26.8865,88.0718,66.4,87,100,2.17,NP,2022-07-21 02:41:07
549,Kangaatsiaq,68.3065,-53.4641,43.18,99,100,6.42,GL,2022-07-21 02:41:07
550,Abu Samrah,35.3029,37.1841,73.81,61,0,17.63,SY,2022-07-21 02:41:07
551,Birjand,32.8663,59.2211,68.47,24,0,6.91,IR,2022-07-21 02:41:08
552,Ballangen,68.3428,16.8315,55.62,94,75,5.75,NO,2022-07-21 02:41:09
553,Kushmurun,52.4503,64.6311,67.95,63,71,7.49,KZ,2022-07-21 02:41:10
554,Pershotravneve,51.3929,28.8684,53.15,88,2,8.21,UA,2022-07-21 02:41:10
555,Neyshabur,36.2133,58.7958,79.95,18,0,1.9,IR,2022-07-21 02:41:10
556,Venice,27.0998,-82.4543,86.02,78,0,5.75,US,2022-07-21 02:41:11
557,Dongning,44.0622,131.1207,77.16,81,98,4.5,CN,2022-07-21 02:41:11
558,Aykhal,66.0,111.5,53.08,73,100,9.66,RU,2022-07-21 02:41:12
559,Ekuvukeni,-28.4675,30.1551,47.32,91,13,2.48,ZA,2022-07-21 02:41:12
560,Tocopilla,-22.092,-70.1979,59.43,79,73,1.77,CL,2022-07-21 02:41:13
561,New Castle,41.0037,-80.347,83.48,80,75,6.91,US,2022-07-21 02:40:44
562,Drayton Valley,53.2168,-114.9854,62.38,83,8,3.69,CA,2022-07-21 02:41:13
563,Coimbra,40.2056,-8.4195,58.75,91,0,1.12,PT,2022-07-21 02:40:31
564,Turtas,58.9417,69.1325,59.77,97,100,4.14,RU,2022-07-21 02:42:14
565,Hojai,26.0,92.8667,83.28,80,100,2.15,IN,2022-07-21 02:39:18
566,Keflavik,64.0049,-22.5624,49.91,93,75,6.91,IS,2022-07-21 02:42:15
567,Pekan,3.4836,103.3996,84.31,64,92,4.81,MY,2022-07-21 02:42:15
568,Karratha,-20.7377,116.8463,77.16,35,5,2.1,AU,2022-07-21 02:38:10
569,Phalodi,27.1333,72.3667,85.66,70,17,20.89,IN,2022-07-21 02:42:16
570,Rio Grande,-32.035,-52.0986,59.95,93,29,13.73,BR,2022-07-21 02:42:16
571,Byron Bay,-28.65,153.6167,61.95,74,100,19.46,AU,2022-07-21 02:42:17
572,Ulaanbaatar,47.9077,106.8832,71.73,49,40,4.47,MN,2022-07-21 02:42:17
573,Singaraja,-8.112,115.0882,83.39,62,64,2.08,ID,2022-07-21 02:42:17
